Date,Description,Amount,Category
01/04/1974,Murray PLC,1124.0,Other-Miscellaneous
06/20/2018,"Lee, Warner and Mcclain",-3006.83,Merchandise & Supplies-General Retail
10/08/2021,Bowen-Delgado,3614.2,Entertainment-General Attractions
03/10/1983,Smith-Johnston,2888.47,Business Services-Mailing & Shipping
08/24/1972,Huffman LLC,1049.36,Merchandise & Supplies-Book Stores
12/22/1990,"Diaz, Shelton and Gutierrez",-160.56,Merchandise & Supplies-Furnishing
02/24/1973,Gonzalez-Russo,-958.08,Communications-Other Telecom
08/16/1980,Hobbs-Wilcox,-2388.8,Merchandise & Supplies-Internet Purchase
02/28/1995,Lee Ltd,1936.35,Other-Miscellaneous
01/15/2009,Nash PLC,-2270.52,Merchandise & Supplies-Book Stores
08/03/2015,Hull and Sons,-3254.07,Business Services-Internet Services
10/22/2023,"Williams, Willis and Maddox",-2183.15,Merchandise & Supplies-Pharmacies
05/02/2008,Knight-Hamilton,-3530.52,Merchandise & Supplies-Wholesale Stores
07/04/2013,Moore-Anderson,-3865.58,Other-Charities
05/21/2020,Alexander and Sons,-1298.92,Merchandise & Supplies-Clothing Stores
11/20/2005,Cooper-Wallace,-4305.64,Merchandise & Supplies-Department Stores
09/21/1986,Murray-Santiago,4376.38,Business Services-Professional Services
09/24/2023,Wilkerson LLC,3005.42,Transportation-Parking Charges
02/23/1974,Pena-Hernandez,-2109.14,Business Services-Internet Services
10/12/1998,Mcdonald Ltd,1464.17,Communications-Other Telecom
12/05/2000,Gray PLC,1141.06,Merchandise & Supplies-Wholesale Stores
11/09/2002,"Page, Boone and Ruiz",547.66,Merchandise & Supplies-Groceries
09/03/1986,Harvey-Davis,1798.59,Communications-Other Telecom
10/21/1987,Stout Group,2112.25,Communications-Other Telecom
05/01/2004,Bradley-Ryan,2092.01,Communications-Other Telecom
01/25/2005,Wallace-Davis,2397.27,Business Services-Mailing & Shipping
12/21/2005,Keith and Sons,1997.13,Business Services-Professional Services
12/16/1994,"Norris, Hunter and Brooks",-1824.65,Business Services-Office Supplies
03/17/2016,"Hernandez, Richard and Middleton",-1192.88,Merchandise & Supplies-Mail Order
07/21/2015,Oneill Inc,4614.28,Merchandise & Supplies-General Retail
01/28/1980,Stark PLC,-773.97,Business Services-Other Services
02/06/2012,Martinez-Willis,1633.02,Merchandise & Supplies-General Retail
07/16/1994,Kennedy LLC,4237.28,Business Services-Internet Services
06/08/2007,Hoffman LLC,-4792.23,Transportation-Fuel
11/27/1983,Bruce and Sons,1052.57,Communications-Other Telecom
09/03/1992,"Carpenter, Clark and Ray",635.5,Business Services-Internet Services
09/30/2009,"Carson, Hernandez and Murray",4387.24,Other-Miscellaneous
12/15/1977,Fox-Jones,-1668.23,Transportation-Parking Charges
11/12/2022,"Schultz, Bautista and Maldonado",-1033.45,Restaurant-Restaurant
09/25/2009,Martin-Reese,-3209.19,Business Services-Other Services
05/30/2002,Fisher Inc,3134.31,Merchandise & Supplies-Department Stores
04/29/2002,Stone-Reynolds,-2012.4,Merchandise & Supplies-Clothing Stores
09/25/2020,Wilson-Sanchez,-669.75,Communications-Cable & Internet Comm
08/24/2010,Spencer PLC,-2491.77,Merchandise & Supplies-Department Stores
07/07/2021,Sanchez PLC,-4051.46,Merchandise & Supplies-Clothing Stores
05/02/1972,"Obrien, Bolton and Lee",4329.24,Other-Miscellaneous
08/06/2019,Stevens PLC,2234.45,Merchandise & Supplies-Internet Purchase
01/27/2008,Chung Inc,-1340.31,Transportation-Parking Charges
11/02/2009,"Ortega, Holland and Flores",-1710.46,Entertainment-Associations
10/19/1988,Hull Group,-4088.47,Business Services-Office Supplies
10/14/1977,"Griffin, Moore and Moore",-789.99,Transportation-Fuel
07/18/1991,Ramos-Reyes,3248.18,Merchandise & Supplies-Wholesale Stores
06/15/2014,Rice Inc,1988.7,Other-Miscellaneous
01/16/1977,"Ramirez, Stephenson and Simpson",-3370.52,Merchandise & Supplies-Furnishing
12/28/1988,Marshall-Hart,-3675.55,Merchandise & Supplies-Pharmacies
02/08/2018,Wilkerson LLC,-3676.2,Merchandise & Supplies-General Retail
10/09/1994,"Hansen, Chang and Garcia",-981.9,Entertainment-General Attractions
03/04/2020,"Cooper, Gonzalez and Graham",4610.28,Merchandise & Supplies-Department Stores
09/23/1996,"Gay, Horton and Woods",-1715.52,Merchandise & Supplies-General Retail
10/02/1991,Allison PLC,-1109.22,Merchandise & Supplies-Wholesale Stores
07/30/2004,Cobb and Sons,-2423.68,Merchandise & Supplies-General Retail
08/07/1985,"Wilson, Marquez and Sharp",4586.5,Other-Charities
04/25/2005,"Tran, Myers and Arnold",-1716.74,Business Services-Internet Services
06/16/1998,"Mason, Murray and Keller",4743.34,Restaurant-Bar & Café
03/09/2001,Bright-Mejia,-1159.0,Merchandise & Supplies-Book Stores
12/21/2007,Krueger and Sons,-2203.5,Merchandise & Supplies-Hardware Supplies
12/11/1981,Mcgee LLC,814.94,Merchandise & Supplies-Furnishing
09/05/1982,Mann Ltd,-1177.74,Merchandise & Supplies-Department Stores
10/31/1987,Hughes-Jordan,2593.93,Merchandise & Supplies-Book Stores
09/07/1971,"Morrison, Rogers and Mcdonald",847.48,Communications-Cable & Internet Comm
07/15/1981,White Inc,4453.74,Merchandise & Supplies-Furnishing
06/26/2017,Freeman Inc,687.79,Other-Charities
12/20/1989,"Potts, Anderson and Miller",-1336.79,Restaurant-Restaurant
01/06/2019,Thompson Inc,-2732.23,Merchandise & Supplies-Groceries
10/01/2020,Hall-Burns,-4364.44,Merchandise & Supplies-Groceries
12/26/1973,Cisneros PLC,2180.79,Merchandise & Supplies-Clothing Stores
10/19/1986,Hartman Group,-3142.25,Communications-Cable & Internet Comm
12/12/2018,Morgan Ltd,-3801.24,Business Services-Other Services
01/21/1994,Hernandez-Aguilar,-4865.5,Transportation-Parking Charges
10/14/2010,"Ruiz, Howard and Skinner",2229.41,Merchandise & Supplies-Pharmacies
08/02/2007,Lam-Phillips,3157.56,Merchandise & Supplies-Computer Supplies
08/29/1993,"Reed, Jacobs and Boyd",636.28,Merchandise & Supplies-Pharmacies
04/15/2007,Owens-Yang,558.72,Merchandise & Supplies-Mail Order
12/21/2022,Mcpherson-Blackwell,3345.45,Communications-Cable & Internet Comm
06/12/2010,"Gonzalez, Nelson and Hansen",3875.34,Merchandise & Supplies-Internet Purchase
02/08/2015,Collins-Brown,4496.88,Restaurant-Bar & Café
10/30/1973,Ortega LLC,4739.21,Restaurant-Restaurant
07/13/1995,Lopez-Gardner,2181.53,Merchandise & Supplies-Internet Purchase
05/18/2001,"Hawkins, Brown and Bell",2073.87,Merchandise & Supplies-Hardware Supplies
11/27/1985,Elliott LLC,-3350.34,Business Services-Professional Services
04/24/1976,Campbell Group,1471.95,Merchandise & Supplies-Internet Purchase
08/06/1971,Aguirre and Sons,-378.43,Business Services-Mailing & Shipping
08/11/2016,Garcia-Jones,-3927.22,Merchandise & Supplies-Electronics Stores
07/05/2003,"Melton, Dominguez and Snyder",-4645.82,Merchandise & Supplies-Mail Order
02/20/1998,Henderson Group,-4884.65,Business Services-Mailing & Shipping
03/06/1999,Wang and Sons,2882.13,Fees & Adjustments-Fees & Adjustments
12/12/1992,Jones Inc,2876.39,Merchandise & Supplies-Electronics Stores
08/23/1971,Jackson and Sons,-4579.03,Merchandise & Supplies-Mail Order
04/01/2006,"Flores, Cherry and Lawson",339.14,Merchandise & Supplies-Groceries
04/29/1994,"Robinson, Waters and Everett",-2580.65,Business Services-Professional Services
07/01/1994,Robinson Inc,1826.38,Transportation-Fuel
10/16/2010,"Sims, Francis and Diaz",-2370.29,Transportation-Parking Charges
09/14/1995,"Garner, Ortiz and Malone",-4407.65,Business Services-Internet Services
01/26/1973,Cowan Ltd,4934.24,Business Services-Mailing & Shipping
02/18/1979,Lee-Tran,4731.02,Restaurant-Bar & Café
11/12/1983,"Dyer, Hanna and Campbell",-3925.34,Merchandise & Supplies-Wholesale Stores
04/27/1984,"Stephens, Dixon and Thompson",-3270.37,Merchandise & Supplies-General Retail
04/05/2000,Taylor Ltd,1039.73,Merchandise & Supplies-Pharmacies
01/18/1978,"Lowe, Murray and Morales",3228.47,Merchandise & Supplies-General Retail
06/11/1998,"Maxwell, Jones and Carter",-3591.77,Merchandise & Supplies-Groceries
01/26/2007,Sanchez-Allen,3248.43,Restaurant-Bar & Café
03/09/2023,Webster-Santiago,-1298.29,Merchandise & Supplies-Department Stores
10/10/2021,Willis-Greene,-2267.89,Restaurant-Bar & Café
05/05/1980,Rice-Mcgrath,291.62,Merchandise & Supplies-Clothing Stores
03/04/1996,Turner Inc,-4073.04,Merchandise & Supplies-General Retail
06/26/2002,Coleman-Knight,-2772.88,Business Services-Other Services
05/12/1998,"Rogers, Rios and Henry",-1702.95,Merchandise & Supplies-Department Stores
01/10/2005,Simon-Clark,-4442.12,Merchandise & Supplies-Wholesale Stores
01/29/1991,Bradley-Howard,-1111.71,Merchandise & Supplies-Mail Order
11/26/1989,Prince and Sons,4287.41,Communications-Cable & Internet Comm
11/02/1979,Gomez-Maldonado,1580.53,Business Services-Internet Services
09/01/2017,Jackson-Chan,1019.17,Merchandise & Supplies-Furnishing
07/24/1978,Taylor-Torres,2650.62,Communications-Other Telecom
09/25/2009,Ward PLC,-1794.61,Business Services-Other Services
10/30/1985,"Davis, Anderson and Bryant",-4412.9,Merchandise & Supplies-Department Stores
01/08/1973,Colon PLC,4000.95,Transportation-Fuel
12/05/2018,Sullivan and Sons,-4042.6,Merchandise & Supplies-Computer Supplies
08/02/1988,Hester and Sons,-1152.14,Business Services-Internet Services
07/02/1984,Baker Inc,1463.87,Entertainment-Associations
09/28/2002,"Ortiz, Peterson and White",2069.43,Restaurant-Bar & Café
12/05/1995,Scott LLC,103.59,Merchandise & Supplies-Book Stores
09/30/2009,Yates-Mitchell,-929.65,Fees & Adjustments-Fees & Adjustments
04/19/2022,"Martinez, Rivera and Hayes",-4436.69,Merchandise & Supplies-Hardware Supplies
02/28/1993,Howard PLC,-4093.04,Business Services-Other Services
06/13/2020,Wilson-Monroe,3396.61,Transportation-Parking Charges
02/18/2022,"Peters, Jacobs and Chan",-2639.64,Merchandise & Supplies-General Retail
02/16/2008,"Hodge, Ibarra and Fischer",-708.91,Merchandise & Supplies-Book Stores
07/19/1975,Young Group,3599.13,Merchandise & Supplies-Electronics Stores
08/29/2007,"Smith, Jones and Young",3412.1,Transportation-Fuel
03/28/1983,"Davis, Patel and Taylor",-1762.74,Merchandise & Supplies-Mail Order
12/14/1986,Smith LLC,-3555.62,Entertainment-Associations
05/01/2021,"Walters, Lee and Garcia",1256.9,Merchandise & Supplies-General Retail
11/28/2011,Valencia Inc,2202.76,Merchandise & Supplies-Wholesale Stores
10/16/1990,Duncan-Holland,-1526.28,Other-Charities
09/23/1975,Baker LLC,1080.69,Merchandise & Supplies-Internet Purchase
04/03/2011,Harris and Sons,4595.6,Entertainment-General Attractions
04/08/1971,Montgomery-Walker,-1226.12,Other-Miscellaneous
06/03/1992,George-Rivera,1984.29,Merchandise & Supplies-Mail Order
10/26/2005,Henderson-Mcmillan,4336.9,Merchandise & Supplies-Hardware Supplies
08/14/1993,Moreno Ltd,-4421.67,Business Services-Office Supplies
04/08/1980,Hart Group,3610.2,Merchandise & Supplies-Book Stores
05/17/2008,White PLC,4436.3,Merchandise & Supplies-Computer Supplies
04/22/2002,Robbins-Fox,-3837.99,Merchandise & Supplies-General Retail
08/22/2011,"Stewart, Vargas and Ashley",3157.14,Entertainment-General Attractions
12/15/1999,Lopez Group,-1947.77,Merchandise & Supplies-Computer Supplies
03/20/1986,Lewis-Scott,344.46,Business Services-Mailing & Shipping
11/30/1977,"Bautista, Ryan and Stevens",-1977.43,Merchandise & Supplies-Department Stores
03/27/1991,"Oneill, Perez and Peterson",-673.81,Merchandise & Supplies-Furnishing
08/12/1993,Wilson-Morrison,-1896.63,Business Services-Office Supplies
05/07/2023,Dawson LLC,-3900.41,Restaurant-Restaurant
09/14/2014,Barrera Ltd,3987.8,Business Services-Mailing & Shipping
03/04/2018,Everett-Lutz,-3973.01,Merchandise & Supplies-Furnishing
11/17/2024,"Peterson, Waters and Meyer",1046.58,Merchandise & Supplies-Wholesale Stores
11/23/1996,Stout-Wells,-430.16,Merchandise & Supplies-Groceries
08/04/2014,Baker Ltd,-3995.33,Merchandise & Supplies-Mail Order
04/04/1980,Baker and Sons,527.84,Entertainment-Associations
10/26/2004,"Ware, George and Hawkins",-2452.22,Communications-Cable & Internet Comm
06/15/1989,"Olson, Holland and Alvarez",-4504.31,Restaurant-Restaurant
12/30/2020,Rodriguez-Rogers,586.07,Other-Miscellaneous
03/15/1985,Mitchell-Thomas,-26.55,Merchandise & Supplies-Wholesale Stores
05/04/1978,Garcia PLC,1198.84,Merchandise & Supplies-Book Stores
01/15/1970,"Anderson, Harris and Wright",-1988.0,Entertainment-General Attractions
09/03/1998,Velasquez PLC,-2591.32,Merchandise & Supplies-Mail Order
04/01/1977,Gomez Inc,-2170.08,Merchandise & Supplies-Wholesale Stores
04/10/1980,Sheppard and Sons,-2393.48,Business Services-Internet Services
06/14/1978,"Townsend, Shepherd and Hill",-3878.13,Business Services-Other Services
08/20/2009,Gallagher-Hester,2528.62,Restaurant-Bar & Café
03/23/2017,Higgins Group,-3460.82,Transportation-Fuel
07/21/1994,"Myers, Barnes and Davis",-551.03,Entertainment-General Attractions
02/18/2019,Martin-Ford,50.71,Business Services-Professional Services
09/28/2012,"Cannon, Pace and Brown",-3737.6,Merchandise & Supplies-Mail Order
02/21/2022,Wright-White,-3273.61,Merchandise & Supplies-Mail Order
03/28/1976,Garcia-Bryant,-3236.62,Entertainment-Associations
11/28/2015,"Chavez, Warren and Ortiz",48.69,Business Services-Internet Services
12/05/2002,"Rivas, Brown and Garner",-21.21,Merchandise & Supplies-Computer Supplies
05/02/2011,Johnson-Ramos,-150.2,Merchandise & Supplies-Pharmacies
01/14/2001,Mays Ltd,-172.88,Transportation-Auto Services
05/04/2003,"Mason, Leon and Allen",-3283.52,Merchandise & Supplies-Clothing Stores
06/25/2010,"Richardson, Lopez and Cross",-4806.87,Merchandise & Supplies-Book Stores
04/05/1978,Woodard LLC,-1121.67,Merchandise & Supplies-Book Stores
09/18/1993,"Richardson, Prince and Anderson",-3821.34,Entertainment-Associations
10/18/2018,Villanueva-Sullivan,-478.94,Merchandise & Supplies-Computer Supplies
09/22/2004,Lee-Williams,-4063.34,Communications-Cable & Internet Comm
06/01/2018,Moreno and Sons,1426.21,Merchandise & Supplies-Groceries
04/08/2011,Hunter LLC,-2381.75,Communications-Cable & Internet Comm
03/25/2014,Dyer Group,-745.23,Merchandise & Supplies-Groceries
11/27/1974,Williams LLC,1218.07,Merchandise & Supplies-General Retail
06/27/1980,"Hayes, Foster and Parker",-135.29,Fees & Adjustments-Fees & Adjustments
10/28/1995,"Ali, Neal and Lewis",4187.15,Merchandise & Supplies-Hardware Supplies
09/09/1972,Lopez Inc,4946.43,Other-Charities
08/26/1979,Merritt-Gordon,-2045.1,Communications-Cable & Internet Comm
08/05/1985,"Stevenson, Davenport and Richardson",-462.14,Communications-Other Telecom
11/30/2008,Morales PLC,-3151.9,Merchandise & Supplies-Internet Purchase
12/05/2002,"Allen, Woodward and Watts",-2234.49,Business Services-Professional Services
11/19/2007,"Cordova, Robinson and Donovan",-4384.25,Merchandise & Supplies-Internet Purchase
07/26/2014,"Mcknight, Adams and Dean",-378.55,Other-Miscellaneous
08/24/2007,"Anderson, Johnson and Mills",-1417.47,Merchandise & Supplies-Pharmacies
10/26/2000,Thompson-Hess,-4759.46,Transportation-Fuel
02/11/1999,"Williams, Murillo and Powell",523.58,Merchandise & Supplies-Groceries
07/12/2021,"Morgan, Frye and Mendoza",1251.43,Communications-Cable & Internet Comm
01/29/1996,"Berger, Long and Bass",245.61,Other-Charities
01/11/1992,"Goodwin, Moore and Decker",1344.81,Merchandise & Supplies-Wholesale Stores
12/01/2020,Barnett-Walker,-2451.79,Merchandise & Supplies-Electronics Stores
10/24/2019,Brooks and Sons,-2189.09,Restaurant-Restaurant
01/03/1976,"Bradford, Good and Morris",-15.89,Merchandise & Supplies-Computer Supplies
09/03/2011,"Robinson, Barnett and Wu",1584.22,Merchandise & Supplies-Groceries
09/25/2021,Hunter and Sons,-2604.42,Transportation-Auto Services
05/11/1976,Powell Ltd,1550.57,Transportation-Auto Services
09/16/1996,"Ford, Smith and Fuller",4809.22,Transportation-Fuel
12/13/1992,"Forbes, Riddle and Sloan",-2223.15,Communications-Other Telecom
05/25/1974,"French, Harris and Ross",-4938.75,Merchandise & Supplies-Electronics Stores
01/30/2007,Ewing and Sons,-1942.93,Business Services-Mailing & Shipping
05/27/1983,"Sanford, Ramirez and Mitchell",2337.74,Entertainment-Associations
10/11/2007,Larsen-Wu,3459.22,Merchandise & Supplies-Internet Purchase
02/10/2008,"Marquez, Torres and Morrison",-1771.29,Merchandise & Supplies-Electronics Stores
01/22/2008,Johnson-Smith,2139.36,Other-Charities
03/21/2022,"Norton, Price and Dunlap",-3024.93,Business Services-Mailing & Shipping
12/23/1973,"Spence, Bennett and White",1731.71,Business Services-Professional Services
09/29/2008,Bowman PLC,-2182.01,Merchandise & Supplies-Internet Purchase
07/16/1985,"Fritz, Frye and Williamson",2839.74,Transportation-Auto Services
11/20/1990,Martinez Ltd,-4374.19,Restaurant-Bar & Café
09/27/1993,Townsend-Parker,225.65,Transportation-Fuel
07/01/1995,"Tucker, Smith and Garcia",3702.76,Business Services-Other Services
01/18/2021,"Cruz, Ramirez and Bates",-1798.35,Merchandise & Supplies-Groceries
03/17/1982,Delgado-Brown,-2.14,Merchandise & Supplies-Pharmacies
05/07/2009,Wilson Ltd,-2857.72,Business Services-Internet Services
12/20/2021,Young Ltd,2039.01,Business Services-Professional Services
06/25/1981,Lowery-Adams,-1068.25,Fees & Adjustments-Fees & Adjustments
02/09/1975,Jackson-Robinson,3072.85,Merchandise & Supplies-Clothing Stores
01/29/2019,Powers and Sons,2221.82,Merchandise & Supplies-Wholesale Stores
03/12/2000,Brown-Estrada,-2744.52,Merchandise & Supplies-Department Stores
03/07/1981,Montgomery Ltd,-2323.84,Business Services-Professional Services
05/04/2014,Jimenez-Valencia,-218.74,Merchandise & Supplies-General Retail
10/19/1980,"Thomas, Mccoy and Rodriguez",-3589.85,Business Services-Other Services
02/17/2019,Holmes-Walters,1313.43,Merchandise & Supplies-Electronics Stores
07/06/1993,Berg Ltd,-2268.23,Merchandise & Supplies-Mail Order
08/29/1999,"Allison, Conrad and Schultz",3827.39,Entertainment-Associations
02/08/1985,Chapman PLC,1408.73,Merchandise & Supplies-Computer Supplies
03/01/2014,Willis Group,-3315.18,Merchandise & Supplies-Department Stores
10/04/1980,Rogers-Richardson,-4744.66,Merchandise & Supplies-Book Stores
08/18/2020,"Byrd, Carter and Martinez",1991.6,Communications-Other Telecom
03/10/1991,"Moran, Johnson and Ramos",2586.91,Merchandise & Supplies-Pharmacies
09/25/2024,Riley-Hansen,-3060.13,Merchandise & Supplies-Pharmacies
03/08/2023,Young-Rivers,2404.23,Other-Miscellaneous
07/01/2003,Tran-Matthews,-1101.85,Merchandise & Supplies-Hardware Supplies
07/29/2000,"Bailey, Castillo and Vazquez",-4482.14,Other-Charities
02/25/1974,"Larson, Brown and Brown",3792.93,Merchandise & Supplies-Pharmacies
12/08/2024,Smith LLC,3487.78,Merchandise & Supplies-General Retail
09/06/2000,Frye Inc,4786.36,Communications-Other Telecom
02/15/2005,Powell-Warner,-3277.88,Business Services-Other Services
10/15/1981,"Kennedy, Hill and Mclaughlin",-2896.55,Fees & Adjustments-Fees & Adjustments
04/24/2007,Wilson-Quinn,-2500.14,Other-Charities
12/30/1998,Anderson-Arroyo,-3824.06,Merchandise & Supplies-Pharmacies
06/30/1996,Foster LLC,1182.8,Merchandise & Supplies-Book Stores
11/14/2023,Hall-Mccullough,-1776.51,Communications-Cable & Internet Comm
04/13/1995,"Collins, Choi and Macdonald",3420.42,Fees & Adjustments-Fees & Adjustments
05/04/2016,"Anderson, Aguirre and Gutierrez",-1318.48,Merchandise & Supplies-General Retail
08/02/2016,"Schwartz, Watson and Lewis",-4349.2,Merchandise & Supplies-Wholesale Stores
06/21/1989,Castillo Inc,-3121.85,Restaurant-Restaurant
12/05/2023,Garcia-Watson,1657.82,Entertainment-General Attractions
11/11/1985,Ortiz-Cunningham,-4882.5,Merchandise & Supplies-Internet Purchase
05/09/2009,"Lara, Riley and Hall",611.4,Transportation-Auto Services
05/09/2022,Rhodes Inc,930.88,Other-Miscellaneous
03/13/2007,Taylor Group,-1756.61,Merchandise & Supplies-Book Stores
05/14/1990,Carroll Group,-1960.75,Merchandise & Supplies-Mail Order
10/18/2012,Parker Ltd,-2310.06,Merchandise & Supplies-Mail Order
03/31/1976,Barnes Ltd,1442.66,Other-Charities
06/29/2021,"Smith, Lawson and Velazquez",937.39,Other-Charities
05/01/1993,Singleton-Graham,-3248.53,Merchandise & Supplies-Book Stores
01/03/2017,Shields PLC,-2717.86,Merchandise & Supplies-Groceries
04/20/1971,Johnson-Aguilar,-2798.27,Merchandise & Supplies-Department Stores
12/26/2002,Thompson Ltd,-3110.07,Merchandise & Supplies-Pharmacies
11/16/2016,Young Group,-1813.01,Merchandise & Supplies-Groceries
02/01/1974,Morris-Freeman,4382.43,Merchandise & Supplies-Book Stores
10/12/1992,Booker-Page,4034.9,Business Services-Internet Services
12/22/1978,Reynolds Ltd,-4620.26,Transportation-Fuel
12/31/2010,Swanson LLC,-3404.86,Business Services-Office Supplies
07/22/1984,Walker Group,361.1,Merchandise & Supplies-Pharmacies
12/25/2023,"Sellers, Bennett and Thompson",2871.89,Business Services-Professional Services
04/22/2008,Hernandez-Russell,915.26,Merchandise & Supplies-Mail Order
08/29/2008,"Gonzalez, Aguilar and Martinez",317.26,Communications-Cable & Internet Comm
06/21/1985,Jenkins PLC,-2999.08,Business Services-Professional Services
08/17/1990,"Richardson, Maxwell and Sims",3219.41,Business Services-Professional Services
04/25/1993,Miller LLC,2225.71,Merchandise & Supplies-Pharmacies
06/27/2024,"Lee, Harris and Simmons",-136.04,Entertainment-General Attractions
05/15/1996,Sexton-Williams,-3415.87,Merchandise & Supplies-Computer Supplies
03/22/2021,Martin Inc,-1849.9,Merchandise & Supplies-Electronics Stores
05/04/2008,Harris Ltd,-2701.46,Communications-Other Telecom
11/24/2006,"Moyer, Chambers and Doyle",-2100.62,Merchandise & Supplies-Internet Purchase
03/18/2002,"Jones, Brooks and Cruz",-710.84,Transportation-Parking Charges
05/31/1988,Johnson Ltd,-4476.99,Business Services-Professional Services
01/15/1984,Rivera Ltd,4443.54,Merchandise & Supplies-Pharmacies
06/02/1987,"Payne, Murphy and Oconnell",2212.36,Merchandise & Supplies-Hardware Supplies
06/21/1975,Smith Inc,3475.44,Business Services-Professional Services
01/03/2009,"Thompson, Ross and Byrd",4028.41,Merchandise & Supplies-Wholesale Stores
06/16/1979,Ramos-Campbell,2889.77,Merchandise & Supplies-Electronics Stores
03/04/1977,Prince Inc,1096.14,Merchandise & Supplies-Electronics Stores
12/05/1990,Smith-Cunningham,-725.21,Business Services-Mailing & Shipping
07/28/2010,"Foley, Bautista and Clay",-4900.19,Communications-Other Telecom
05/14/1971,Lopez-Valentine,-129.2,Merchandise & Supplies-Book Stores
05/01/1984,Ashley PLC,-2442.3,Merchandise & Supplies-General Retail
09/25/2010,Rowe-Fisher,2972.9,Merchandise & Supplies-Groceries
08/23/2013,Lynch PLC,-4726.46,Merchandise & Supplies-Clothing Stores
02/23/1976,Oneill LLC,181.62,Business Services-Other Services
05/23/2020,Juarez PLC,-3159.03,Other-Miscellaneous
02/14/1973,Clark-Martin,-2317.75,Business Services-Professional Services
11/26/1990,"Romero, Franklin and Neal",3301.77,Business Services-Mailing & Shipping
09/03/1983,"King, Ortiz and Rogers",-1736.35,Merchandise & Supplies-Mail Order
08/29/1973,Anderson LLC,3547.8,Merchandise & Supplies-General Retail
08/01/2024,Gibbs-Bolton,-4459.77,Communications-Other Telecom
08/06/2020,White and Sons,1915.75,Merchandise & Supplies-Hardware Supplies
01/12/2023,Mendoza-Garcia,-935.61,Merchandise & Supplies-Computer Supplies
01/09/1977,"Miller, Brown and Howard",-3097.04,Merchandise & Supplies-Electronics Stores
07/01/1983,Taylor-Flores,-3766.95,Merchandise & Supplies-Hardware Supplies
01/25/1980,"Lee, Bender and David",164.24,Merchandise & Supplies-Groceries
04/03/2018,Brandt PLC,-4840.46,Other-Charities
07/26/1977,Strong-Harvey,2360.63,Merchandise & Supplies-Clothing Stores
12/22/1990,Andrews Inc,4890.78,Entertainment-General Attractions
10/14/1995,"Nguyen, Smith and Smith",443.81,Merchandise & Supplies-General Retail
02/02/2013,Johnston PLC,-4455.37,Fees & Adjustments-Fees & Adjustments
10/07/1997,Foster and Sons,2910.31,Merchandise & Supplies-Electronics Stores
03/13/1989,Arroyo-Reed,3048.76,Transportation-Auto Services
01/21/2020,West-Franklin,3117.37,Merchandise & Supplies-Groceries
06/07/1975,Graham-Roberson,-1538.25,Transportation-Fuel
11/10/1991,"Foley, Simpson and Weaver",-4097.48,Merchandise & Supplies-Hardware Supplies
01/02/1994,"Delgado, Mccoy and Taylor",-1420.41,Business Services-Other Services
02/13/1997,"Clark, Walker and Mcdaniel",-792.47,Merchandise & Supplies-Clothing Stores
01/31/1989,Cruz and Sons,-1596.88,Merchandise & Supplies-Book Stores
12/25/2000,Flowers Group,-467.66,Entertainment-General Attractions
06/15/1996,"Nichols, Yang and Schmidt",-1696.25,Business Services-Office Supplies
09/08/1984,House Inc,-2149.4,Merchandise & Supplies-Computer Supplies
04/21/1970,Bishop-Ward,4481.66,Merchandise & Supplies-Computer Supplies
04/11/1987,"Henderson, Arellano and Kirby",-328.56,Business Services-Internet Services
06/06/1975,Henderson-Hall,720.45,Restaurant-Restaurant
08/16/2024,Sloan-Barker,3647.67,Merchandise & Supplies-Electronics Stores
11/19/1976,"Neal, Pennington and Williamson",-3411.52,Merchandise & Supplies-Clothing Stores
07/04/2018,Patel Inc,-556.93,Merchandise & Supplies-Internet Purchase
01/06/2005,Smith Group,-4963.18,Merchandise & Supplies-Hardware Supplies
09/10/1982,Howell Group,4270.55,Merchandise & Supplies-Clothing Stores
09/29/1974,"Barton, Davis and Cantu",-2833.75,Merchandise & Supplies-Pharmacies
05/01/1996,Adams-Wiley,3379.32,Business Services-Other Services
05/01/2021,Johnson-Wilcox,4751.18,Merchandise & Supplies-Wholesale Stores
07/04/1991,"Ortega, Shea and Jones",1798.35,Business Services-Other Services
04/09/1992,Waters and Sons,4938.99,Merchandise & Supplies-Clothing Stores
05/15/1981,Johnson Group,-737.4,Other-Miscellaneous
08/06/2010,Willis Ltd,-2492.34,Merchandise & Supplies-Hardware Supplies
12/12/2008,"Pena, Strong and Singleton",2589.04,Business Services-Other Services
02/25/2024,Miller and Sons,-2279.12,Merchandise & Supplies-Wholesale Stores
05/27/1992,Walters Group,1390.03,Merchandise & Supplies-Mail Order
05/27/1972,Long Group,-579.9,Transportation-Parking Charges
07/19/1999,Strong Ltd,4322.39,Business Services-Other Services
10/01/2008,"Henry, Stephens and Dodson",948.87,Fees & Adjustments-Fees & Adjustments
09/17/2009,Bright-Mitchell,1728.58,Merchandise & Supplies-Book Stores
06/28/2012,"King, Riley and Allen",2580.55,Entertainment-General Attractions
10/22/2003,"Scott, Gomez and Ferguson",4580.45,Merchandise & Supplies-General Retail
01/10/2010,Brown-Ortega,-3632.86,Communications-Other Telecom
08/31/1978,Boyd-Drake,-917.62,Merchandise & Supplies-Pharmacies
11/19/2000,"Smith, Hill and Mendez",-666.25,Merchandise & Supplies-Furnishing
11/18/2013,Ryan-Phillips,-3777.46,Communications-Other Telecom
12/23/2019,"Freeman, Harrison and Mills",-576.04,Restaurant-Restaurant
09/22/2003,"Kelley, Greene and Dennis",4737.78,Business Services-Internet Services
12/05/2014,Hansen-Rose,1722.73,Merchandise & Supplies-Clothing Stores
06/16/2000,Reynolds Ltd,4643.54,Transportation-Fuel
05/30/1984,Hawkins-Clark,-3416.99,Merchandise & Supplies-Computer Supplies
03/17/1994,Preston-Martin,4098.9,Merchandise & Supplies-Furnishing
01/30/1995,"Chen, King and Brown",-2461.24,Merchandise & Supplies-Electronics Stores
11/17/2009,"Goodwin, Wilson and Wong",4034.62,Merchandise & Supplies-Clothing Stores
08/06/2023,Woods LLC,1309.41,Merchandise & Supplies-Wholesale Stores
11/30/2023,Taylor Inc,4883.53,Merchandise & Supplies-Electronics Stores
11/11/2023,"Norton, Harper and Harmon",2909.78,Merchandise & Supplies-Mail Order
06/10/1989,Hutchinson Ltd,-3062.82,Other-Miscellaneous
07/20/1988,"Herrera, Bennett and White",4371.49,Restaurant-Restaurant
04/15/1986,"Wilson, Cruz and Buck",4366.07,Business Services-Office Supplies
07/30/1986,"Barnett, Peterson and Simmons",2274.13,Business Services-Other Services
10/04/1970,Peters Ltd,4836.12,Merchandise & Supplies-Book Stores
10/01/1980,Torres Group,-4189.32,Entertainment-General Attractions
10/23/2018,"White, Romero and Brady",4003.8,Merchandise & Supplies-General Retail
07/22/2010,"Fuller, Downs and Cortez",-4555.23,Merchandise & Supplies-Hardware Supplies
02/04/1981,White-Clark,-4619.36,Merchandise & Supplies-Wholesale Stores
11/06/1980,Terrell Inc,1217.77,Merchandise & Supplies-Computer Supplies
09/18/1995,"Gomez, Figueroa and Walters",-4920.62,Transportation-Auto Services
09/15/2002,"Jones, Acevedo and Bridges",-3994.58,Other-Miscellaneous
08/07/2020,"Sanchez, Webster and Page",-1938.86,Entertainment-General Attractions
09/15/2017,Flores Inc,-4677.35,Merchandise & Supplies-General Retail
04/06/2000,"Clark, Jarvis and Nguyen",477.54,Transportation-Auto Services
06/27/1974,Cabrera Inc,-1852.57,Merchandise & Supplies-Clothing Stores
03/25/2015,Johnson-Brown,3174.1,Merchandise & Supplies-Hardware Supplies
05/27/2024,"Wong, Wade and Gibson",3155.91,Communications-Other Telecom
10/02/2022,"Smith, Owen and Vargas",-1401.93,Fees & Adjustments-Fees & Adjustments
04/14/2011,Davis and Sons,2574.62,Merchandise & Supplies-Wholesale Stores
03/09/1978,Sharp LLC,-3189.13,Merchandise & Supplies-Clothing Stores
11/24/2007,"Gill, Jacobs and Nichols",-890.91,Merchandise & Supplies-Internet Purchase
01/31/2005,Ramirez-Allison,357.69,Merchandise & Supplies-Pharmacies
12/04/1984,Payne-Frazier,-4242.85,Transportation-Parking Charges
07/09/1991,"Taylor, Gillespie and Fisher",-3831.05,Merchandise & Supplies-Groceries
09/30/1970,Perry-Wilson,-4674.76,Communications-Cable & Internet Comm
04/04/1985,Murray-Aguilar,-3785.59,Merchandise & Supplies-Wholesale Stores
10/02/1978,"Hampton, Evans and Brooks",2776.96,Business Services-Internet Services
07/21/1978,Kane-Dunn,3371.7,Restaurant-Restaurant
05/19/2022,Smith-Dyer,3735.46,Other-Miscellaneous
02/06/1972,Morrow-Neal,2346.61,Merchandise & Supplies-Furnishing
05/27/1971,Klein and Sons,3634.88,Fees & Adjustments-Fees & Adjustments
05/06/2002,"Hernandez, Pacheco and Garcia",-2120.68,Merchandise & Supplies-Furnishing
05/31/2004,Bowers-Dorsey,-1937.47,Merchandise & Supplies-Furnishing
06/12/2008,Hogan and Sons,-2331.29,Business Services-Mailing & Shipping
09/01/1997,Mccarthy Inc,4220.0,Merchandise & Supplies-Pharmacies
10/04/2019,Hall and Sons,-2951.22,Entertainment-Associations
03/22/1999,"Bender, Jefferson and Garcia",-327.83,Business Services-Internet Services
05/18/2020,"Richards, Horn and Jones",-397.79,Business Services-Internet Services
10/15/2018,Kim Ltd,2492.65,Communications-Other Telecom
12/07/2001,Gibbs-Turner,-2948.14,Transportation-Fuel
04/14/1992,"Martinez, Peters and Kirby",-3027.24,Business Services-Other Services
09/15/2021,Rios PLC,-3481.2,Merchandise & Supplies-Clothing Stores
07/27/1978,Anderson-Thomas,3903.33,Entertainment-Associations
03/23/1970,"Wright, Blake and Braun",-3587.79,Merchandise & Supplies-Mail Order
11/24/2006,King-Wilson,107.73,Merchandise & Supplies-Internet Purchase
03/01/1972,"Adams, Miller and Cooley",-77.65,Restaurant-Restaurant
09/10/1987,Johnston Group,-500.46,Restaurant-Bar & Café
11/26/2023,"Riddle, Oconnor and Bailey",-1932.78,Merchandise & Supplies-Pharmacies
06/11/1980,"Green, Leon and Miller",-3255.3,Transportation-Fuel
03/06/1997,Jones and Sons,-2244.17,Transportation-Auto Services
10/04/2021,"Vargas, White and Brown",-851.72,Merchandise & Supplies-Groceries
07/30/1973,Henderson Ltd,-2390.13,Restaurant-Restaurant
04/13/1987,Miller-Rivera,554.28,Business Services-Internet Services
11/23/2016,Bowman PLC,4384.03,Merchandise & Supplies-Furnishing
06/13/2008,"Vasquez, Gomez and Johnson",1923.41,Merchandise & Supplies-Computer Supplies
02/21/1977,"Williams, Barber and Mata",-340.26,Merchandise & Supplies-Wholesale Stores
10/29/2018,"Todd, Lawrence and Morrow",3000.52,Communications-Other Telecom
03/02/1987,Gay and Sons,1280.07,Merchandise & Supplies-Hardware Supplies
01/17/2003,"Allison, Crawford and Robles",-1565.8,Merchandise & Supplies-Groceries
02/20/2002,Jones LLC,-1019.18,Entertainment-Associations
07/26/1989,Zamora-Rivera,-860.24,Business Services-Professional Services
03/22/1981,James LLC,-340.96,Business Services-Office Supplies
03/27/2006,Gray and Sons,-3552.68,Transportation-Fuel
11/17/1973,Gonzalez Inc,-1979.74,Merchandise & Supplies-Clothing Stores
06/29/1973,Bell Inc,-3408.81,Business Services-Office Supplies
07/31/1976,Moore-Schaefer,-2251.11,Merchandise & Supplies-Wholesale Stores
12/15/2015,Hardy-Spears,254.52,Business Services-Internet Services
10/14/1984,"Dennis, Williams and Jackson",-3755.73,Merchandise & Supplies-Book Stores
09/26/2004,"Escobar, Young and Young",-536.29,Business Services-Internet Services
02/06/1990,Harrison PLC,4222.34,Business Services-Office Supplies
11/23/1981,Ho PLC,1021.16,Transportation-Fuel
12/23/2017,Torres LLC,2825.54,Transportation-Auto Services
11/08/1979,Herrera-Bowen,3462.75,Transportation-Fuel
12/11/2024,Lewis-Miller,2240.28,Fees & Adjustments-Fees & Adjustments
05/18/1991,Reed LLC,3559.66,Merchandise & Supplies-Pharmacies
03/28/2000,"Woods, Potter and Lopez",1403.38,Merchandise & Supplies-Department Stores
07/02/1985,Kim-Pugh,-2072.08,Business Services-Office Supplies
11/29/1998,Freeman and Sons,3368.35,Merchandise & Supplies-Book Stores
09/12/1978,"Sanchez, Walls and Richardson",2261.97,Business Services-Mailing & Shipping
10/22/1981,Brooks Inc,4291.89,Transportation-Auto Services
10/04/2001,Poole Ltd,-2703.03,Merchandise & Supplies-Electronics Stores
05/12/2020,Marshall LLC,2767.87,Fees & Adjustments-Fees & Adjustments
06/01/2011,Vaughn LLC,3506.96,Restaurant-Bar & Café
08/29/1974,"Cisneros, Frazier and Becker",-2226.38,Business Services-Mailing & Shipping
08/30/1975,Carr LLC,270.65,Merchandise & Supplies-Clothing Stores
08/15/2004,"Silva, Adams and Adams",4094.56,Transportation-Auto Services
08/19/1999,Gilbert-Collins,-3117.37,Merchandise & Supplies-Computer Supplies
05/14/1993,"Marks, Walker and Gonzales",1636.72,Merchandise & Supplies-Internet Purchase
05/02/2009,"Evans, Rodriguez and Steele",1958.3,Business Services-Mailing & Shipping
11/24/2022,"Cochran, Mueller and Jackson",4172.77,Other-Miscellaneous
05/30/2003,"Young, Anderson and Rosales",2659.37,Other-Miscellaneous
09/06/2008,Reynolds-Graham,-2951.45,Business Services-Professional Services
07/22/1992,Harrison Ltd,4888.8,Merchandise & Supplies-Internet Purchase
06/07/2005,Rhodes Group,8.21,Restaurant-Bar & Café
01/10/2003,"Moore, Smith and Walton",-3244.33,Merchandise & Supplies-Mail Order
01/30/2019,Tapia-Rodriguez,-4727.22,Merchandise & Supplies-General Retail
03/13/1984,Collins PLC,1377.15,Merchandise & Supplies-Mail Order
05/10/2000,"Rush, Brown and Mays",-902.92,Business Services-Other Services
01/24/2006,"Krause, Morton and Leblanc",4526.79,Merchandise & Supplies-Furnishing
12/18/1992,"Skinner, Stewart and Collins",4870.08,Communications-Other Telecom
06/06/2023,"Simpson, Figueroa and Boone",-2187.79,Restaurant-Bar & Café
12/18/2008,"Miller, Foster and Juarez",-2117.74,Fees & Adjustments-Fees & Adjustments
07/12/2003,"Rowe, Dickerson and Guzman",-2928.97,Merchandise & Supplies-Pharmacies
08/23/2006,Rivera Group,-988.65,Entertainment-Associations
06/14/1972,Petersen LLC,-4106.87,Merchandise & Supplies-Mail Order
01/18/2015,"Patterson, Meyer and Jordan",-1179.49,Merchandise & Supplies-Wholesale Stores
02/06/1984,Jones Group,1342.71,Entertainment-General Attractions
04/29/1978,Martin-Crane,2194.88,Other-Charities
09/11/2016,"Brown, Koch and Hayes",-1307.6,Merchandise & Supplies-Wholesale Stores
08/11/1995,Palmer-Thomas,-241.51,Transportation-Parking Charges
05/11/2010,Jenkins-Knapp,-3172.13,Merchandise & Supplies-Internet Purchase
07/19/2010,Lindsey Ltd,1980.87,Merchandise & Supplies-Computer Supplies
01/30/1982,Roberts-Wilson,1510.03,Business Services-Professional Services
11/16/1975,Wilson Inc,-3312.8,Restaurant-Bar & Café
09/25/2002,Schaefer Ltd,-4548.63,Communications-Other Telecom
01/01/1990,"Price, Dillon and Maldonado",359.27,Business Services-Internet Services
05/29/1993,Mckay LLC,84.45,Merchandise & Supplies-Mail Order
04/14/1998,Archer Ltd,-1323.29,Transportation-Auto Services
07/27/2012,"Dunn, Wilson and Martin",4063.28,Merchandise & Supplies-Internet Purchase
07/08/1995,"Shaw, Powell and Davis",2336.75,Merchandise & Supplies-Department Stores
06/22/2005,Riley Group,-3571.63,Merchandise & Supplies-General Retail
02/06/1973,Jenkins-Crawford,-2582.11,Business Services-Other Services
04/15/1992,Conway Ltd,4627.78,Communications-Other Telecom
01/15/2007,"Turner, Bullock and Morris",-3519.92,Merchandise & Supplies-Computer Supplies
11/28/2001,Walton-Richardson,-85.65,Transportation-Parking Charges
03/07/2004,"Ford, Davis and Chen",2898.41,Business Services-Internet Services
05/03/2019,"Juarez, Brooks and Munoz",-4505.02,Transportation-Fuel
11/20/2021,Branch and Sons,2658.89,Merchandise & Supplies-Clothing Stores
09/26/2024,Warren Ltd,2369.88,Transportation-Parking Charges
11/14/2002,Martinez-Hines,4358.68,Merchandise & Supplies-Electronics Stores
03/19/2019,"Wells, Gallagher and Delgado",-4429.22,Merchandise & Supplies-Computer Supplies
12/30/2013,"Gonzalez, Decker and Jones",-3618.24,Restaurant-Bar & Café
08/15/1988,"Parker, Reynolds and Melendez",-787.66,Merchandise & Supplies-Electronics Stores
11/25/2024,Hill-Strong,1743.78,Restaurant-Restaurant
02/05/1984,Wright Inc,-687.8,Entertainment-General Attractions
04/27/1974,Richardson-Stevens,4714.65,Other-Miscellaneous
04/01/1983,Myers Ltd,-419.44,Restaurant-Bar & Café
11/14/2006,"Thompson, Rose and Bentley",689.65,Fees & Adjustments-Fees & Adjustments
04/10/1976,Fernandez and Sons,3554.43,Merchandise & Supplies-Computer Supplies
04/10/1985,Anderson-King,-3944.93,Entertainment-General Attractions
11/28/1994,"Ortiz, Arnold and Smith",-1936.25,Merchandise & Supplies-Clothing Stores
06/16/1974,Rose-Edwards,3598.75,Restaurant-Restaurant
08/21/2009,"Nelson, Wood and Alexander",-4606.02,Merchandise & Supplies-Computer Supplies
02/18/2019,Garcia-Sheppard,637.39,Merchandise & Supplies-Pharmacies
05/06/2013,"White, Martin and Hall",-4296.19,Transportation-Parking Charges
09/26/2007,Palmer Group,-2935.01,Merchandise & Supplies-Book Stores
05/08/1974,Johnson-Jones,-2549.69,Business Services-Professional Services
02/09/2007,Zhang LLC,1036.84,Restaurant-Restaurant
12/07/2024,"Stevens, Padilla and Jones",-1630.08,Business Services-Office Supplies
06/18/2007,Armstrong Ltd,-2221.07,Merchandise & Supplies-Electronics Stores
10/29/2014,Hudson Ltd,-906.95,Merchandise & Supplies-General Retail
09/22/2018,Sanchez-Cole,-4651.6,Restaurant-Restaurant
05/11/1991,Murphy PLC,2294.13,Transportation-Auto Services
12/17/2022,Johnson-Austin,4520.39,Entertainment-Associations
09/15/2014,Holland-Smith,3705.75,Merchandise & Supplies-Groceries
07/26/1989,Velez-Fowler,883.81,Restaurant-Restaurant
07/22/2010,Lopez-Brown,2803.43,Business Services-Professional Services
03/11/1988,"Cohen, Garrett and Walker",-2721.25,Merchandise & Supplies-Pharmacies
12/01/2019,"Mitchell, Martinez and Rivera",-2744.91,Transportation-Fuel
10/23/2016,Christian Group,7.25,Merchandise & Supplies-General Retail
09/20/1998,"Peters, Fischer and Stevenson",3389.23,Merchandise & Supplies-Groceries
09/23/2010,"Turner, Duncan and Ayala",-2727.48,Business Services-Mailing & Shipping
01/08/2001,"Holt, James and Travis",1215.86,Transportation-Fuel
05/04/2008,"Long, Simmons and Romero",488.01,Merchandise & Supplies-General Retail
12/03/1996,"Nguyen, Rhodes and Elliott",-406.13,Business Services-Mailing & Shipping
06/11/2018,Brewer-Richmond,-3133.74,Transportation-Parking Charges
12/25/1991,Williams-Rivera,908.88,Merchandise & Supplies-Hardware Supplies
08/21/1974,Bennett Group,1640.71,Merchandise & Supplies-Department Stores
02/01/2005,"Pope, Brown and Ramirez",4550.04,Merchandise & Supplies-Department Stores
11/09/1971,"Lee, Rose and Bush",3204.06,Merchandise & Supplies-Mail Order
05/27/2012,Smith-Patterson,-3726.14,Merchandise & Supplies-Clothing Stores
12/15/1997,Jacobs-Harris,-2378.33,Business Services-Professional Services
07/29/1981,Perry PLC,2929.64,Merchandise & Supplies-Internet Purchase
11/21/1983,Walls-Smith,-142.4,Merchandise & Supplies-Department Stores
10/16/1995,Bishop PLC,1894.28,Fees & Adjustments-Fees & Adjustments
07/15/2021,Collins-Gray,-1131.1,Merchandise & Supplies-Computer Supplies
04/02/2014,Moore-Gross,-2365.55,Restaurant-Bar & Café
09/11/1989,Alvarado Group,-4983.16,Entertainment-Associations
03/31/2001,Scott Inc,3572.09,Restaurant-Restaurant
06/21/2015,"Stewart, Buck and Silva",-3954.84,Restaurant-Bar & Café
04/28/1990,Young Ltd,2991.11,Restaurant-Restaurant
02/02/2015,Porter-Cox,53.57,Other-Charities
07/27/2005,Watkins-Montoya,-254.42,Transportation-Auto Services
07/06/1984,Holmes-Copeland,-3539.12,Business Services-Professional Services
12/04/2007,Johnson Inc,3706.4,Other-Miscellaneous
06/04/2014,Stewart Ltd,-1248.7,Other-Charities
02/11/1995,Taylor LLC,-383.3,Transportation-Fuel
07/24/1978,Boyer-Todd,-1093.94,Merchandise & Supplies-Mail Order
11/09/2018,Miller PLC,-1169.71,Merchandise & Supplies-Internet Purchase
01/04/2016,"Stewart, West and Mccarty",410.53,Other-Charities
04/20/2010,Dunn PLC,-195.33,Other-Miscellaneous
04/16/1991,"Douglas, Kelley and Schroeder",4086.34,Merchandise & Supplies-Groceries
07/16/2019,Gibbs-Santana,-2733.0,Transportation-Auto Services
12/21/1980,"Bryan, Ayala and Anderson",-2303.74,Merchandise & Supplies-Furnishing
12/30/1992,Martinez Inc,-2379.06,Transportation-Auto Services
07/13/1978,Miller-Fuller,-1360.4,Business Services-Other Services
09/13/1982,"Mckee, Clark and King",2818.06,Merchandise & Supplies-Clothing Stores
04/14/1974,Garza-Smith,814.18,Business Services-Mailing & Shipping
12/12/2021,"Miller, Jenkins and Moore",1307.4,Merchandise & Supplies-Pharmacies
06/09/2013,"Walker, Smith and Hogan",3870.24,Business Services-Other Services
07/20/1997,Baldwin-Fernandez,2349.54,Restaurant-Restaurant
03/16/1980,Becker-Cole,1288.79,Restaurant-Restaurant
04/07/2022,Lara PLC,1354.91,Other-Miscellaneous
11/21/2013,Kirby Inc,3806.05,Business Services-Other Services
04/19/1981,Guerra Ltd,2533.69,Communications-Other Telecom
08/08/2001,"Barton, Cabrera and Lee",-2339.72,Merchandise & Supplies-Mail Order
10/11/1991,Smith-Garrett,-1672.05,Business Services-Office Supplies
05/11/2021,"Gutierrez, Williams and Coleman",2067.1,Merchandise & Supplies-Hardware Supplies
02/04/2022,"Ellis, Alvarado and Snow",-1881.92,Fees & Adjustments-Fees & Adjustments
01/25/1989,Lynch-Garrett,-2951.52,Merchandise & Supplies-Hardware Supplies
04/22/2011,Spencer Ltd,-3325.19,Merchandise & Supplies-Department Stores
05/21/1986,"Hunt, Chandler and English",-2111.94,Merchandise & Supplies-General Retail
02/19/1991,Fuentes LLC,2422.6,Business Services-Other Services
12/01/1989,"Wood, Lee and Melton",4952.85,Business Services-Professional Services
01/04/1975,Wheeler-Carroll,2249.77,Merchandise & Supplies-Computer Supplies
10/26/1988,Henson-Russell,2193.34,Entertainment-Associations
07/18/2008,Green Inc,-4148.95,Business Services-Office Supplies
08/27/2000,Gonzales Inc,-4058.96,Entertainment-Associations
12/12/2017,Jacobs PLC,-1666.66,Business Services-Mailing & Shipping
02/24/1985,Dawson PLC,-1210.26,Merchandise & Supplies-Hardware Supplies
10/11/2022,"Cannon, Munoz and Young",-2094.58,Business Services-Professional Services
11/10/2023,Lewis-Cruz,513.72,Merchandise & Supplies-Internet Purchase
10/24/1993,Aguilar-Fernandez,4063.1,Merchandise & Supplies-Electronics Stores
05/13/1995,Morrison Group,-4935.24,Transportation-Fuel
08/30/2009,Powell-Rivera,643.75,Merchandise & Supplies-Mail Order
11/16/2009,"Ortega, Hurley and Pitts",2184.97,Merchandise & Supplies-Pharmacies
02/20/1988,Contreras-Shaw,3003.94,Communications-Other Telecom
11/17/2012,Lopez-Long,248.65,Merchandise & Supplies-Internet Purchase
05/14/1982,Young Group,-2813.68,Business Services-Office Supplies
12/13/1997,Thomas and Sons,-3366.07,Other-Miscellaneous
03/17/1988,"Nichols, West and Jackson",-1408.88,Restaurant-Bar & Café
12/21/1972,"Mendez, Hill and Gonzalez",-1825.68,Communications-Cable & Internet Comm
04/04/2018,"Howell, Maldonado and Smith",-2545.99,Entertainment-General Attractions
05/25/2006,Harris Ltd,2919.76,Merchandise & Supplies-Department Stores
06/10/1974,"Patel, Pitts and Dunn",4398.89,Merchandise & Supplies-Pharmacies
10/13/2010,"Garcia, Rodriguez and Duran",-397.54,Communications-Other Telecom
04/29/2021,Clark-Johnson,-2055.33,Merchandise & Supplies-Wholesale Stores
02/01/2001,Hart-Long,4478.02,Merchandise & Supplies-Book Stores
12/02/1987,"Lane, Carey and Martinez",-3044.38,Merchandise & Supplies-Computer Supplies
10/16/1998,Gallegos Group,-1932.79,Merchandise & Supplies-Pharmacies
02/15/2017,Gonzalez and Sons,-1788.06,Communications-Cable & Internet Comm
12/20/1997,Shaw Ltd,-4565.66,Other-Charities
01/26/2017,Andrews PLC,-2235.61,Entertainment-General Attractions
10/29/1981,Roberts-Santiago,-2906.65,Communications-Other Telecom
02/04/1988,Jenkins and Sons,-1678.53,Merchandise & Supplies-General Retail
02/04/2017,Mcpherson-Green,4232.32,Merchandise & Supplies-Wholesale Stores
12/01/1989,Riley-Hill,-344.81,Merchandise & Supplies-Pharmacies
08/05/1975,Fox LLC,595.7,Communications-Other Telecom
01/19/1997,Brown-Stephens,2051.46,Merchandise & Supplies-Internet Purchase
09/17/1976,"Nguyen, Smith and Meyers",-78.85,Restaurant-Restaurant
10/13/1972,Brooks-Simon,-816.87,Other-Charities
12/12/1978,Huang-Novak,-4306.08,Transportation-Parking Charges
05/16/1978,Buck LLC,-2034.86,Merchandise & Supplies-Groceries
06/28/1981,"Davis, Mcdonald and Reeves",4404.08,Merchandise & Supplies-Groceries
09/08/1974,Davis-Richards,-3237.46,Entertainment-Associations
12/31/1996,Moore-Scott,1626.63,Merchandise & Supplies-Pharmacies
10/12/2024,Robinson Ltd,4070.27,Merchandise & Supplies-General Retail
10/11/1987,Morton Inc,-2099.59,Transportation-Parking Charges
08/11/1979,Walker Inc,-725.8,Merchandise & Supplies-Hardware Supplies
12/31/2001,Singh Ltd,-4418.21,Entertainment-General Attractions
04/11/2002,"Hall, Stark and Spencer",2931.89,Restaurant-Restaurant
11/03/1974,Gill and Sons,1810.5,Other-Miscellaneous
11/13/1972,Casey-Thompson,2074.12,Entertainment-General Attractions
06/22/2014,Holmes-Harris,-4062.08,Fees & Adjustments-Fees & Adjustments
06/21/2003,Cox LLC,-3849.71,Other-Charities
12/27/1997,Robinson-Bolton,4944.1,Merchandise & Supplies-Computer Supplies
11/01/2022,Kennedy-Lewis,509.59,Restaurant-Restaurant
10/27/1999,Hawkins Inc,-982.24,Communications-Cable & Internet Comm
07/11/1988,Hunter-Rose,-539.28,Other-Charities
09/19/2014,"Reed, Rogers and Cooper",-1018.38,Other-Miscellaneous
03/16/1995,"Perkins, Savage and Tyler",4814.52,Merchandise & Supplies-Department Stores
10/05/1978,"Terrell, Yates and Gonzalez",3589.36,Business Services-Internet Services
11/12/2005,Lee-Williams,-3215.33,Transportation-Fuel
01/23/1997,"Miller, Fernandez and Dunn",-2027.48,Business Services-Professional Services
10/04/1987,"Andrade, Mcdonald and Kelley",375.93,Entertainment-General Attractions
09/01/1972,Wood-Martinez,4767.43,Merchandise & Supplies-Furnishing
12/31/2018,"Allen, Smith and Jones",3414.98,Restaurant-Restaurant
04/24/1975,Jones-Miller,-1872.58,Merchandise & Supplies-Groceries
03/07/2008,Blake and Sons,640.89,Entertainment-Associations
06/27/1970,Cochran Group,-3602.34,Merchandise & Supplies-Internet Purchase
06/17/1993,Hester-Kaiser,-4391.17,Merchandise & Supplies-Hardware Supplies
08/13/2009,Young Inc,2401.89,Communications-Cable & Internet Comm
11/01/1991,"Ramsey, Garcia and Walker",2431.52,Business Services-Office Supplies
05/15/2004,Evans-Brewer,-3051.08,Merchandise & Supplies-Department Stores
06/14/2022,Baird-West,-3372.41,Merchandise & Supplies-Book Stores
01/21/2022,Hartman LLC,2101.15,Business Services-Professional Services
01/20/2024,Griffin-Donovan,3469.74,Merchandise & Supplies-Hardware Supplies
10/24/1982,"Holmes, Morton and Lee",2148.08,Merchandise & Supplies-Electronics Stores
11/14/1984,"Morgan, Calderon and Andersen",-227.19,Fees & Adjustments-Fees & Adjustments
10/28/1974,"Fuller, Raymond and Doyle",-4858.34,Other-Miscellaneous
05/29/1986,Butler-Williams,-3243.4,Merchandise & Supplies-Internet Purchase
02/09/2004,Mckee Group,-918.29,Entertainment-Associations
03/31/1982,"Williams, Walker and Jimenez",-1275.12,Merchandise & Supplies-Hardware Supplies
12/14/1979,"Reed, Lewis and Green",-3205.16,Merchandise & Supplies-Computer Supplies
07/01/2024,Coleman-Manning,4399.32,Merchandise & Supplies-Internet Purchase
10/25/1985,"Phillips, Hicks and Barrett",4137.89,Merchandise & Supplies-Mail Order
10/08/2017,Evans-Tucker,-1779.58,Merchandise & Supplies-Book Stores
06/05/1996,Davidson-Bruce,-949.78,Merchandise & Supplies-Electronics Stores
05/05/1973,"Ortiz, Barnes and Long",-3726.35,Merchandise & Supplies-Internet Purchase
05/14/2018,"Ruiz, Thomas and Jones",-1723.3,Restaurant-Bar & Café
11/05/2004,Skinner Inc,1260.11,Restaurant-Bar & Café
12/31/1979,Bailey-Gray,4247.8,Merchandise & Supplies-Furnishing
03/05/1983,Howard and Sons,-3984.9,Business Services-Mailing & Shipping
01/11/1983,"Wheeler, Lopez and Buchanan",-2438.82,Communications-Other Telecom
08/08/2017,Sandoval PLC,1207.74,Business Services-Other Services
09/17/1992,Patton Group,3408.95,Merchandise & Supplies-Electronics Stores
10/20/2004,Acevedo Group,-715.62,Communications-Other Telecom
06/07/1997,Blanchard Ltd,-2290.5,Merchandise & Supplies-Book Stores
04/17/1994,Walters-Wilson,-1956.05,Merchandise & Supplies-Department Stores
11/07/1982,"Harris, Collins and Mills",-3642.17,Merchandise & Supplies-Furnishing
09/22/2024,Smith Inc,2938.76,Business Services-Mailing & Shipping
07/06/2020,"Taylor, Harrison and Kelly",-4242.32,Merchandise & Supplies-General Retail
06/21/2009,"Byrd, Owens and Armstrong",-3813.36,Merchandise & Supplies-Computer Supplies
09/03/2006,"Guzman, Ponce and Stewart",1941.28,Communications-Cable & Internet Comm
10/23/1978,Mathis Ltd,-3207.24,Merchandise & Supplies-Clothing Stores
02/03/2011,"Austin, Pittman and Jennings",3436.7,Merchandise & Supplies-Computer Supplies
04/03/1974,Phillips-Turner,836.05,Merchandise & Supplies-Furnishing
09/25/2010,Bennett LLC,1093.35,Other-Charities
02/19/1994,Smith-Rodriguez,4468.77,Other-Charities
05/02/1984,Vaughan-Whitaker,2946.04,Merchandise & Supplies-Department Stores
07/10/2013,Martin and Sons,307.44,Communications-Other Telecom
01/05/2003,"Floyd, Johnson and Davis",-3497.81,Entertainment-General Attractions
11/13/1981,"Peterson, Collins and Robinson",-3047.04,Restaurant-Restaurant
10/18/1976,Jacobs-Collins,-3243.17,Merchandise & Supplies-Computer Supplies
03/25/1999,Davis PLC,4986.88,Merchandise & Supplies-Computer Supplies
03/31/1989,Zuniga and Sons,3413.43,Transportation-Auto Services
05/01/2016,Willis-Morse,2387.06,Merchandise & Supplies-Furnishing
11/14/1982,"Butler, Smith and Russell",-614.79,Merchandise & Supplies-Wholesale Stores
01/16/2024,Johnson-Wiggins,3549.07,Business Services-Professional Services
01/19/2011,Duncan-Black,663.32,Merchandise & Supplies-Internet Purchase
04/23/2014,"Gutierrez, Cook and Bailey",256.3,Merchandise & Supplies-Clothing Stores
02/01/1985,Castillo and Sons,1820.77,Business Services-Professional Services
08/17/1984,Nguyen-Mathis,1641.32,Merchandise & Supplies-Internet Purchase
08/01/2020,"Watkins, Francis and Rice",2347.66,Entertainment-General Attractions
06/23/2009,Oliver Inc,-4396.53,Merchandise & Supplies-Hardware Supplies
05/08/2018,Stone-Lee,1317.43,Merchandise & Supplies-Electronics Stores
05/18/1998,Monroe and Sons,36.27,Fees & Adjustments-Fees & Adjustments
02/06/2010,Waller Ltd,3254.86,Entertainment-General Attractions
10/14/1982,"Byrd, Smith and Griffith",4403.1,Merchandise & Supplies-Electronics Stores
01/01/2011,Jacobs Group,3312.65,Business Services-Office Supplies
09/30/1984,Johnson Inc,-2555.43,Merchandise & Supplies-Wholesale Stores
08/18/2014,"Robinson, Rios and Adams",4601.17,Business Services-Mailing & Shipping
02/04/2005,Carpenter-George,-745.84,Restaurant-Bar & Café
06/30/1981,Rowe Group,-3307.26,Merchandise & Supplies-Furnishing
12/23/1972,"Garcia, Fuentes and Thomas",2875.11,Merchandise & Supplies-Groceries
03/18/1999,Brennan-Bailey,3578.03,Business Services-Internet Services
08/14/1981,Buck PLC,-312.37,Merchandise & Supplies-General Retail
07/13/2023,Montoya Ltd,-363.3,Business Services-Professional Services
03/03/1993,Bell-Jordan,1708.54,Transportation-Auto Services
05/01/1999,Baker-Ross,4151.91,Transportation-Fuel
10/09/2012,"Hines, Shelton and Scott",-614.64,Entertainment-General Attractions
12/09/2009,"Weaver, Walton and Moses",-831.15,Merchandise & Supplies-Book Stores
06/08/2003,"Schmidt, Ramsey and Paul",825.84,Transportation-Auto Services
07/08/1975,Lee and Sons,-4253.45,Transportation-Auto Services
08/11/1989,Morgan-Smith,238.74,Merchandise & Supplies-Furnishing
09/06/2016,Davidson-Andrade,376.36,Business Services-Other Services
09/29/1995,Mejia Group,3351.2,Merchandise & Supplies-Computer Supplies
09/03/1976,Barrett-Bailey,-4893.25,Fees & Adjustments-Fees & Adjustments
06/12/1982,Adkins Ltd,106.77,Merchandise & Supplies-Computer Supplies
01/02/1986,Munoz Inc,-2909.21,Merchandise & Supplies-Clothing Stores
04/18/1997,"Hudson, Lyons and Winters",1005.53,Merchandise & Supplies-Book Stores
11/08/1999,Matthews-Montgomery,1391.74,Merchandise & Supplies-Pharmacies
11/20/1985,Torres-Palmer,4273.4,Entertainment-General Attractions
01/14/2023,Anthony-Mason,-1703.3,Communications-Cable & Internet Comm
11/21/1982,Scott LLC,-241.65,Other-Miscellaneous
01/17/2021,"Collins, Solomon and Jefferson",1285.69,Merchandise & Supplies-Internet Purchase
09/24/1994,Gray Group,-4982.66,Communications-Cable & Internet Comm
04/04/2008,Webb LLC,2769.56,Entertainment-Associations
10/01/2003,Riley-Chavez,-3299.01,Communications-Cable & Internet Comm
11/28/1986,"Smith, Cooper and Morris",-4680.21,Merchandise & Supplies-General Retail
12/12/1974,Yu-Johnson,2371.35,Merchandise & Supplies-Wholesale Stores
05/05/1976,"Murray, Hall and Gutierrez",4751.49,Communications-Other Telecom
06/27/1983,Davenport PLC,3638.24,Other-Charities
05/31/2008,Lewis Group,-475.38,Transportation-Auto Services
12/18/1979,Ryan-Wolf,-4526.16,Communications-Other Telecom
08/17/2020,Munoz-Green,-2313.46,Transportation-Auto Services
08/01/2017,Stafford-Hicks,3037.04,Merchandise & Supplies-Book Stores
11/16/2020,Bell-Ward,-1251.78,Merchandise & Supplies-Internet Purchase
02/04/2006,"Leonard, Stewart and Melendez",-4033.28,Merchandise & Supplies-Hardware Supplies
11/30/2024,Anderson-Haas,-4236.38,Entertainment-Associations
03/20/2001,Flores-Livingston,1020.76,Merchandise & Supplies-Furnishing
08/05/2003,"Ramos, Miller and King",1679.37,Merchandise & Supplies-General Retail
07/06/1979,Mercado LLC,3247.06,Merchandise & Supplies-Furnishing
10/24/1974,Gonzalez Inc,682.73,Transportation-Parking Charges
10/24/1996,Sweeney-Estrada,-1976.61,Entertainment-Associations
11/05/1974,Terry-Ramirez,-1713.49,Business Services-Professional Services
06/27/1978,"Torres, Gonzalez and Herrera",227.01,Business Services-Mailing & Shipping
06/10/2021,Smith LLC,1119.89,Business Services-Mailing & Shipping
12/20/1982,Obrien LLC,-4930.47,Merchandise & Supplies-Groceries
10/07/2023,"Rodriguez, Jordan and Hart",3981.35,Merchandise & Supplies-Mail Order
04/26/1989,Powell-Martin,-2504.62,Merchandise & Supplies-Furnishing
07/23/1975,"Hunt, Pittman and Adams",2733.5,Other-Miscellaneous
12/15/1976,"Nguyen, Williams and Walton",2761.99,Entertainment-Associations
10/11/1978,Smith-Cole,-465.06,Merchandise & Supplies-Computer Supplies
02/04/2001,Allen-Duncan,4839.3,Business Services-Professional Services
02/14/1994,Holmes-Fuller,4801.64,Transportation-Parking Charges
05/17/2013,"Carrillo, Maxwell and Rodriguez",-1894.65,Business Services-Mailing & Shipping
04/08/1976,Wyatt Inc,-2350.92,Merchandise & Supplies-Mail Order
07/05/2015,"Salas, Jones and Lee",697.08,Transportation-Auto Services
03/05/1997,"Cunningham, Ramsey and Galloway",-76.32,Merchandise & Supplies-Wholesale Stores
08/03/1981,Gordon PLC,-3089.73,Merchandise & Supplies-Groceries
07/01/1983,Warner LLC,1041.68,Business Services-Office Supplies
12/10/2010,"Reynolds, Wyatt and Bailey",921.76,Restaurant-Restaurant
07/25/1972,"Freeman, Cruz and Banks",-1489.24,Business Services-Mailing & Shipping
06/30/1991,"Williams, Best and Osborne",1824.01,Merchandise & Supplies-Clothing Stores
03/01/2003,Payne-Henry,-4976.38,Business Services-Professional Services
03/17/1979,Maddox-Cisneros,-1138.72,Merchandise & Supplies-Wholesale Stores
10/15/2001,Jones-Green,-4208.31,Business Services-Mailing & Shipping
08/27/2020,Gallagher-Bridges,4723.1,Merchandise & Supplies-Groceries
03/12/2002,Chavez-Shaw,-1338.18,Merchandise & Supplies-Pharmacies
04/18/1979,Todd Ltd,650.92,Business Services-Office Supplies
11/15/1980,"Cohen, Thompson and Hoffman",681.04,Business Services-Internet Services
11/29/1972,Moss Group,-1472.03,Communications-Other Telecom
10/11/1982,Sosa-Richardson,4618.53,Restaurant-Bar & Café
12/12/2016,Mcguire and Sons,-1984.58,Fees & Adjustments-Fees & Adjustments
03/21/1989,Powers Inc,-3184.87,Merchandise & Supplies-Wholesale Stores
08/09/2009,Richardson LLC,2291.06,Communications-Cable & Internet Comm
02/03/2017,Gaines-Hicks,-1940.77,Merchandise & Supplies-Department Stores
12/12/1978,"Cox, Gates and Pena",4134.1,Business Services-Other Services
05/05/1983,"Ho, Thomas and Matthews",-1338.1,Entertainment-General Attractions
01/19/1978,"Nolan, Knight and Boyer",1867.67,Restaurant-Bar & Café
06/24/1988,"Chavez, Carpenter and Edwards",4249.03,Merchandise & Supplies-Wholesale Stores
06/18/1977,Mann-Burton,-2494.97,Business Services-Office Supplies
12/22/1978,Murphy-Dodson,-2716.48,Merchandise & Supplies-General Retail
04/16/2013,Barton-Woodard,4247.8,Business Services-Professional Services
04/06/2018,West Ltd,2197.76,Business Services-Other Services
06/29/1975,Bass Ltd,3085.28,Merchandise & Supplies-Furnishing
01/01/2024,"Harris, Glover and Jackson",4055.08,Communications-Cable & Internet Comm
11/07/1988,"King, Hill and Gomez",-3785.77,Transportation-Fuel
08/19/2000,Pena-Kelly,343.37,Merchandise & Supplies-General Retail
05/07/1973,"Bowen, Harris and Baldwin",-1106.13,Restaurant-Restaurant
05/01/1974,"Torres, Smith and Mason",-3779.57,Restaurant-Bar & Café
06/23/1999,"Chavez, Ramos and Brooks",233.48,Merchandise & Supplies-Computer Supplies
04/30/2015,"Murphy, Brock and Miller",2283.19,Merchandise & Supplies-Groceries
04/19/2004,"Mason, Rogers and Miller",660.24,Other-Miscellaneous
10/17/2010,Cherry-Perez,2398.29,Entertainment-General Attractions
10/26/1995,Butler-Crawford,-4017.97,Restaurant-Bar & Café
03/26/2014,"Hammond, Ross and Knox",-1644.69,Other-Miscellaneous
03/05/1996,Esparza-Cain,-632.97,Communications-Cable & Internet Comm
06/16/2015,"Parker, Gallegos and Thomas",4300.3,Transportation-Fuel
10/30/1991,"Ramos, Martinez and Page",3233.65,Business Services-Other Services
07/10/1981,Flores-Davis,76.47,Business Services-Professional Services
08/13/1995,Smith-Jordan,-1715.18,Restaurant-Restaurant
04/23/1991,Jones-Powers,-537.99,Business Services-Internet Services
09/14/2005,Davis-Davis,2699.76,Communications-Other Telecom
05/18/1997,Miller and Sons,2113.37,Communications-Cable & Internet Comm
04/27/1999,Sanchez-Miller,679.26,Business Services-Professional Services
05/12/1982,Shields-Quinn,-4905.3,Business Services-Other Services
06/30/1988,Wilson-Jones,-697.4,Business Services-Professional Services
09/26/1985,Castro-Yates,4841.12,Merchandise & Supplies-Internet Purchase
06/22/2021,Burton and Sons,-2371.81,Merchandise & Supplies-Mail Order
08/16/2001,Parker Group,4416.06,Merchandise & Supplies-Book Stores
03/19/2023,Garcia Inc,569.43,Business Services-Internet Services
03/12/1987,Hendrix-Leblanc,-1194.92,Merchandise & Supplies-Groceries
04/25/2007,"King, Frost and Rosario",1258.03,Communications-Other Telecom
03/14/1997,Garrison-Combs,2873.42,Merchandise & Supplies-Wholesale Stores
10/21/1985,Garcia and Sons,238.29,Merchandise & Supplies-Electronics Stores
06/08/1995,"Davis, Salas and Cooley",-2288.39,Merchandise & Supplies-Groceries
12/06/1997,Smith-Bennett,347.58,Other-Charities
01/02/1996,Baker Ltd,-2728.85,Merchandise & Supplies-Book Stores
04/10/2013,"Hernandez, Hawkins and Silva",-41.85,Communications-Cable & Internet Comm
06/13/2024,"Morales, Duran and Odonnell",1850.82,Merchandise & Supplies-Book Stores
05/05/1996,Mcbride Inc,-3802.35,Communications-Other Telecom
10/23/1978,Green-Harris,1478.34,Merchandise & Supplies-Department Stores
01/19/2013,Green-King,2777.95,Other-Miscellaneous
06/09/2012,Gonzalez LLC,615.76,Business Services-Mailing & Shipping
03/22/2003,"White, Rivera and Adams",1079.71,Merchandise & Supplies-Mail Order
11/25/1989,Snow and Sons,574.58,Fees & Adjustments-Fees & Adjustments
01/13/1994,Miller-Gallegos,3855.66,Communications-Other Telecom
05/08/1980,Sanders-Young,-173.91,Merchandise & Supplies-Mail Order
01/27/1993,"Livingston, Graham and Nguyen",-2015.57,Merchandise & Supplies-Pharmacies
10/06/2009,"Hall, Kaiser and Wheeler",-1228.65,Other-Charities
11/24/2017,"Beck, Newton and Meyer",3195.79,Business Services-Other Services
01/05/2012,"Jackson, Johnson and Martin",3858.68,Business Services-Mailing & Shipping
08/11/2004,Davis PLC,3630.23,Transportation-Auto Services
06/24/1999,Neal-Jordan,782.95,Transportation-Parking Charges
08/07/1978,Perez LLC,3948.44,Merchandise & Supplies-Internet Purchase
01/10/2006,"Vega, Escobar and Huff",-1355.67,Business Services-Office Supplies
08/16/1999,"Williams, Hart and Martinez",117.18,Restaurant-Bar & Café
01/11/1992,Thompson Group,413.21,Restaurant-Bar & Café
08/12/1988,"Mercer, Petersen and Lamb",-7.75,Transportation-Fuel
03/21/2001,Nguyen Ltd,105.69,Merchandise & Supplies-Wholesale Stores
04/14/2004,"Long, Allen and Lane",-3204.3,Transportation-Auto Services
09/11/1970,Ramos LLC,2415.07,Merchandise & Supplies-Mail Order
02/04/1997,Barker PLC,-753.81,Transportation-Auto Services
01/14/1991,Webster-Sellers,-3380.03,Merchandise & Supplies-Groceries
05/06/1974,Cuevas-Rivera,-167.48,Business Services-Mailing & Shipping
05/28/1983,Calhoun PLC,1526.12,Transportation-Parking Charges
03/20/2020,"Kramer, Oneal and Davis",3299.22,Entertainment-Associations
09/04/1985,"Frazier, Armstrong and Wilson",-556.1,Transportation-Parking Charges
01/13/1991,Blackwell-Harrington,3136.15,Merchandise & Supplies-Internet Purchase
03/06/2003,"Miller, Nguyen and Brown",-4744.9,Merchandise & Supplies-Internet Purchase
09/27/1978,Olsen-Soto,-3217.49,Merchandise & Supplies-Groceries
04/25/1990,Mcdonald PLC,-3147.11,Merchandise & Supplies-Wholesale Stores
06/09/1992,Porter Ltd,2836.68,Merchandise & Supplies-Department Stores
04/25/1982,Nguyen-Stevens,-4376.62,Merchandise & Supplies-General Retail
04/22/1970,Roberson-Cobb,1237.52,Restaurant-Restaurant
12/07/1994,"Thompson, Johnson and Allen",1906.82,Merchandise & Supplies-Mail Order
07/28/1971,"Johnston, Brown and Curtis",-3374.42,Merchandise & Supplies-Hardware Supplies
07/12/1975,Lane Group,4784.87,Other-Miscellaneous
07/26/1991,"Reed, Cannon and Newton",-4510.45,Business Services-Internet Services
02/11/2003,Martin Ltd,2271.0,Restaurant-Restaurant
02/18/1971,Jones-Maldonado,2415.09,Merchandise & Supplies-Department Stores
12/02/1988,Davila-Cruz,1197.74,Business Services-Office Supplies
04/23/2017,"Thomas, Richards and James",603.61,Entertainment-Associations
10/06/1971,Terry Inc,2299.56,Merchandise & Supplies-Hardware Supplies
03/15/1996,Medina Group,3710.11,Business Services-Other Services
07/19/1974,Moreno-Wood,-2520.01,Merchandise & Supplies-Pharmacies
03/31/2015,"Davis, George and Parker",2436.01,Transportation-Parking Charges
11/17/1995,Taylor-Leblanc,3824.48,Business Services-Mailing & Shipping
08/09/1992,Day-Harper,3787.53,Merchandise & Supplies-Hardware Supplies
08/31/1970,Peters-Smith,-2366.68,Merchandise & Supplies-Computer Supplies
02/24/1970,"Morse, Webb and Gillespie",-4325.88,Transportation-Parking Charges
03/25/1975,"Shepherd, Cooley and Bishop",-1378.39,Merchandise & Supplies-Mail Order
08/14/1996,Johnson Ltd,-4170.73,Merchandise & Supplies-Pharmacies
09/20/2018,"Williams, Marshall and Barker",1902.48,Business Services-Mailing & Shipping
03/05/2010,Potter-Cain,1432.43,Communications-Other Telecom
07/09/1996,"Carney, Bridges and Scott",1440.82,Merchandise & Supplies-Pharmacies
01/16/2005,Townsend Ltd,-4026.82,Merchandise & Supplies-Electronics Stores
11/17/2003,"Nelson, Parrish and Pineda",-1199.56,Fees & Adjustments-Fees & Adjustments
05/22/2003,Sheppard-Choi,1026.62,Business Services-Other Services
02/13/2013,"Adams, Knight and Santos",-2855.74,Merchandise & Supplies-Electronics Stores
12/28/2007,Patton LLC,-4414.72,Communications-Cable & Internet Comm
07/22/2009,Garcia-Aguilar,-1938.87,Merchandise & Supplies-Department Stores
08/15/1986,Gutierrez Group,-1137.65,Business Services-Office Supplies
05/06/1992,Goodwin PLC,4460.19,Merchandise & Supplies-Book Stores
11/10/1995,Johnson and Sons,-4608.13,Transportation-Parking Charges
09/05/1978,Jones LLC,-521.1,Restaurant-Bar & Café
07/31/1996,"Griffin, Salinas and Robinson",968.75,Other-Charities
06/30/1982,Parker and Sons,4300.45,Merchandise & Supplies-Computer Supplies
09/15/2016,"Russo, Hernandez and Hayes",3289.72,Other-Miscellaneous
11/03/2010,Baker-Murphy,2060.22,Merchandise & Supplies-Wholesale Stores
01/22/1992,Anderson PLC,-4990.22,Restaurant-Bar & Café
12/21/2012,Christian-Jones,1387.1,Merchandise & Supplies-Electronics Stores
04/24/1991,"Werner, Jacobs and Gomez",1865.41,Restaurant-Bar & Café
01/27/2017,Williams-Mccullough,3779.56,Merchandise & Supplies-Book Stores
11/10/2019,Lawson-Kramer,2771.16,Merchandise & Supplies-Department Stores
10/19/1996,Sawyer Ltd,2463.2,Entertainment-Associations
12/07/1994,"Garcia, Cardenas and Velasquez",-4950.37,Transportation-Fuel
11/25/1999,Ellis-Mata,413.85,Transportation-Parking Charges
08/16/1982,Williams LLC,4413.86,Entertainment-Associations
10/25/1987,"Howard, Santiago and Lang",4301.34,Transportation-Auto Services
07/19/2007,Allen and Sons,2127.96,Merchandise & Supplies-Wholesale Stores
06/04/1999,Love-Mccarthy,4355.92,Merchandise & Supplies-Pharmacies
01/17/2011,"Burns, Matthews and Tran",-2912.54,Entertainment-General Attractions
10/21/1988,Clark-Manning,-2662.69,Merchandise & Supplies-Furnishing
03/11/2024,Morales and Sons,-1239.09,Merchandise & Supplies-General Retail
01/29/2022,Moreno-Davis,-775.99,Merchandise & Supplies-Wholesale Stores
11/01/1977,"Mejia, Singh and Smith",967.79,Other-Charities
12/23/2002,Swanson-Gonzales,3951.27,Merchandise & Supplies-Electronics Stores
10/24/1984,Diaz LLC,3016.89,Entertainment-General Attractions
03/15/1975,Wilson-Moyer,3705.1,Merchandise & Supplies-Electronics Stores
10/01/1985,Thomas LLC,3752.0,Business Services-Internet Services
08/10/2018,"Dawson, Cardenas and Morales",-2799.76,Business Services-Mailing & Shipping
05/10/2002,"Smith, Jackson and Cooper",-3671.52,Merchandise & Supplies-Computer Supplies
01/24/1990,Reid Ltd,1093.47,Business Services-Internet Services
12/05/1989,"Ward, Silva and Chavez",-4847.3,Business Services-Professional Services
08/11/2015,Hoffman LLC,-410.0,Transportation-Fuel
09/09/1995,Robinson PLC,2589.92,Merchandise & Supplies-Hardware Supplies
08/26/1990,"Williams, Harris and Morgan",-4259.97,Business Services-Other Services
04/12/2011,Warren-Stone,-3671.51,Entertainment-General Attractions
09/07/2002,Clark-Lopez,3325.25,Merchandise & Supplies-Wholesale Stores
03/03/1996,Craig and Sons,-1004.02,Fees & Adjustments-Fees & Adjustments
12/15/1986,Bowers-Ross,4589.42,Merchandise & Supplies-Computer Supplies
07/17/1991,Daugherty Ltd,2.38,Merchandise & Supplies-Mail Order
10/19/1990,Calderon-Jones,3342.56,Transportation-Fuel
09/27/1983,Smith PLC,-3671.39,Communications-Cable & Internet Comm
04/02/2003,Chambers-Atkins,-1255.08,Business Services-Other Services
04/17/1986,Phillips-Holmes,833.41,Merchandise & Supplies-General Retail
08/06/2016,Williams Ltd,-2211.25,Business Services-Other Services
06/24/2002,Cisneros-Blankenship,344.32,Merchandise & Supplies-Pharmacies
04/10/2006,Rodriguez-Brown,-3834.2,Merchandise & Supplies-Hardware Supplies
05/18/2010,"Christensen, Hernandez and Reed",501.93,Entertainment-General Attractions
07/03/1986,Daniels LLC,2295.1,Entertainment-Associations
11/08/1990,"Hoffman, Espinoza and Burns",911.08,Transportation-Auto Services
10/17/2022,"Hancock, Kirk and Benson",1494.74,Transportation-Fuel
01/19/2024,Jones Ltd,3716.78,Merchandise & Supplies-Electronics Stores
03/23/1980,Davis Group,-4463.16,Merchandise & Supplies-Computer Supplies
12/12/1999,Perez Inc,2932.02,Transportation-Auto Services
01/12/2012,Valencia Group,4818.89,Other-Charities
04/02/2023,Blackwell-Huerta,-3146.05,Other-Miscellaneous
06/17/1998,Pratt PLC,3745.67,Transportation-Fuel
05/13/1987,Elliott Ltd,1326.07,Merchandise & Supplies-Department Stores
09/28/1997,Schroeder-Reyes,-253.24,Merchandise & Supplies-Department Stores
03/13/1997,Vasquez and Sons,-2690.78,Merchandise & Supplies-Furnishing
02/05/1997,Martinez and Sons,-2369.24,Merchandise & Supplies-Pharmacies
12/05/1990,Martin and Sons,4905.3,Merchandise & Supplies-Computer Supplies
06/20/1970,Peters and Sons,-1841.63,Merchandise & Supplies-Book Stores
07/14/2008,"Hicks, Brown and Thompson",-2331.3,Business Services-Professional Services
10/21/2008,Jones-Price,1970.85,Merchandise & Supplies-Electronics Stores
04/22/2020,"Hines, Ross and Townsend",1557.02,Other-Miscellaneous
04/26/1970,Gonzales-Brown,32.86,Business Services-Mailing & Shipping
11/24/2024,Nixon-Sanchez,-2583.17,Merchandise & Supplies-Hardware Supplies
05/26/1982,Price-Rodriguez,-1576.39,Merchandise & Supplies-Mail Order
02/10/1976,"Andrews, Barnett and King",-357.61,Merchandise & Supplies-Mail Order
02/26/1991,"Stephens, Le and Porter",-3385.93,Merchandise & Supplies-Wholesale Stores
12/15/2015,Valdez Inc,119.01,Merchandise & Supplies-Pharmacies
11/20/2004,"Velez, Mcneil and White",3804.1,Merchandise & Supplies-Furnishing
02/23/1980,"Gomez, Little and Waters",2797.38,Other-Charities
03/22/1979,"Rivers, Schneider and Gregory",1385.98,Business Services-Mailing & Shipping
04/13/2014,Perez PLC,1014.1,Merchandise & Supplies-Furnishing
02/26/1979,Anderson PLC,1450.59,Fees & Adjustments-Fees & Adjustments
12/05/1986,"Brown, Crane and Taylor",-2330.47,Entertainment-General Attractions
11/25/2023,Hart PLC,3331.85,Merchandise & Supplies-Hardware Supplies
01/28/1971,Carter-Ortega,198.63,Business Services-Professional Services
04/06/1977,Davis Group,-3612.89,Merchandise & Supplies-Book Stores
04/29/1994,Woodward and Sons,-736.66,Business Services-Internet Services
03/09/2005,Johnson LLC,-340.78,Merchandise & Supplies-Groceries
05/12/2022,Mcintyre-Calderon,223.14,Merchandise & Supplies-Wholesale Stores
03/02/1999,"Ross, Brown and Wilson",-2875.94,Communications-Other Telecom
04/01/2022,Miller-Smith,1113.51,Restaurant-Restaurant
12/16/2017,"Koch, Burke and Rodriguez",777.74,Business Services-Mailing & Shipping
07/14/1978,Flynn-Barnett,4338.16,Merchandise & Supplies-Wholesale Stores
02/26/1971,Turner-Smith,-3086.76,Communications-Cable & Internet Comm
08/27/2000,Smith LLC,2634.27,Merchandise & Supplies-Furnishing
04/09/1974,Owens and Sons,27.89,Merchandise & Supplies-Mail Order
06/01/1970,Monroe Group,4619.08,Restaurant-Bar & Café
03/17/2024,Park and Sons,3472.69,Merchandise & Supplies-Electronics Stores
05/21/1992,"Arnold, Lowery and Avery",423.14,Business Services-Internet Services
